[
  {
    "id": "464f330e-0ca8-4390-8f9c-f8624e6a26f5",
    "data": [
      {
        "text": "Add to bucket list",
        "userDefined": false
      }
    ],
    "isTemplate": false,
    "count": 1,
    "updated": 0
  },
  {
    "id": "3df05a75-f30b-4763-a336-61fb017cc00d",
    "data": [
      {
        "text": "Add to cart",
        "userDefined": false
      }
    ],
    "isTemplate": false,
    "count": 0,
    "updated": 0
  },
  {
    "id": "5e7ce0c3-078f-4417-9efc-499cd0c72a4d",
    "data": [
      {
        "text": "Wow! This is impressive. Please add it to my cart.",
        "userDefined": false
      }
    ],
    "isTemplate": false,
    "count": 0,
    "updated": 0
  },
  {
    "id": "9dd4a762-b17c-4afd-8cea-de5c5e79f905",
    "data": [
      {
        "text": "I like this product very much for my home please add it to my cart",
        "userDefined": false
      }
    ],
    "isTemplate": false,
    "count": 0,
    "updated": 0
  },
  {
    "id": "6e26b1f7-b347-46d3-9c9a-c0f16035f0b7",
    "data": [
      {
        "text": "Please add this product to cart",
        "userDefined": false
      }
    ],
    "isTemplate": false,
    "count": 0,
    "updated": 0
  },
  {
    "id": "893d573d-c1e2-4c47-9ede-b991c07b6eb9",
    "data": [
      {
        "text": "Add the product to cart",
        "userDefined": false
      }
    ],
    "isTemplate": false,
    "count": 0,
    "updated": 0
  }
]