[
  {
    "id": "7545d34b-ff44-4b30-b7b2-628acfec07a0",
    "data": [
      {
        "text": "Items in Cart",
        "userDefined": false
      }
    ],
    "isTemplate": false,
    "count": 1,
    "updated": 0
  },
  {
    "id": "949a7091-e58e-43e0-a3ef-b84d1f880cd3",
    "data": [
      {
        "text": "Show my Cart",
        "userDefined": false
      }
    ],
    "isTemplate": false,
    "count": 0,
    "updated": 0
  },
  {
    "id": "c3b3f5f2-39f3-48ed-b346-1ee29525113b",
    "data": [
      {
        "text": "Cart",
        "userDefined": false
      }
    ],
    "isTemplate": false,
    "count": 0,
    "updated": 0
  }
]