[
  {
    "id": "9de78b14-0d44-47ec-b553-7e875f78bef5",
    "data": [
      {
        "text": "Help me buying chairs",
        "userDefined": false
      }
    ],
    "isTemplate": false,
    "count": 0,
    "updated": 0
  },
  {
    "id": "9e4372ad-fce5-4dd6-b8bc-47318230fe95",
    "data": [
      {
        "text": "Get Chairs",
        "userDefined": false
      }
    ],
    "isTemplate": false,
    "count": 0,
    "updated": 0
  },
  {
    "id": "88989e12-129f-4b2d-8277-d16c2f24f650",
    "data": [
      {
        "text": "Show some sofa",
        "userDefined": false
      }
    ],
    "isTemplate": false,
    "count": 0,
    "updated": 0
  }
]