[
  {
    "id": "5096afd1-3314-451d-b0bc-39d84b0dcd28",
    "data": [
      {
        "text": "Fans",
        "userDefined": false
      }
    ],
    "isTemplate": false,
    "count": 0,
    "updated": 0
  },
  {
    "id": "9a65ff77-660d-4843-8110-059624580a1f",
    "data": [
      {
        "text": "Show me best-selling ceiling fans",
        "userDefined": false
      }
    ],
    "isTemplate": false,
    "count": 0,
    "updated": 0
  },
  {
    "id": "2dcd3282-9d01-4012-9618-03425bf98b96",
    "data": [
      {
        "text": "Get some fans",
        "userDefined": false
      }
    ],
    "isTemplate": false,
    "count": 0,
    "updated": 0
  },
  {
    "id": "9ffb2f82-3c57-4b94-b53c-d294a4909360",
    "data": [
      {
        "text": "Show me fans",
        "userDefined": false
      }
    ],
    "isTemplate": false,
    "count": 0,
    "updated": 0
  },
  {
    "id": "39f6ebd1-2b34-43a6-abab-c0545d0ccb41",
    "data": [
      {
        "text": "Please help me buying fans",
        "userDefined": false
      }
    ],
    "isTemplate": false,
    "count": 0,
    "updated": 0
  }
]