[
  {
    "id": "45cb5e95-6876-44c8-b3f3-02c84f309d33",
    "data": [
      {
        "text": "what are some best selling lights?",
        "userDefined": false
      }
    ],
    "isTemplate": false,
    "count": 0,
    "updated": 0
  },
  {
    "id": "8517251a-75fa-4a3f-862d-dff16e241a5b",
    "data": [
      {
        "text": "Please show me some lamps",
        "userDefined": false
      }
    ],
    "isTemplate": false,
    "count": 0,
    "updated": 0
  },
  {
    "id": "674e2148-474b-498a-92c7-ef4257e3efa1",
    "data": [
      {
        "text": "Show me some beautiful lights",
        "userDefined": false
      }
    ],
    "isTemplate": false,
    "count": 0,
    "updated": 0
  },
  {
    "id": "d6bf6861-3e9f-4163-96fb-ddee913084dc",
    "data": [
      {
        "text": "Lights",
        "userDefined": false
      }
    ],
    "isTemplate": false,
    "count": 0,
    "updated": 0
  }
]