[
  {
    "id": "ba425ace-2ff0-4d41-94c0-b1e613ca4b10",
    "data": [
      {
        "text": "rating",
        "userDefined": false
      }
    ],
    "isTemplate": false,
    "count": 1,
    "updated": 0
  },
  {
    "id": "aee52ebe-6588-46e4-ad3b-83646644cd85",
    "data": [
      {
        "text": "What is an average rating of this lamp?",
        "userDefined": false
      }
    ],
    "isTemplate": false,
    "count": 0,
    "updated": 0
  },
  {
    "id": "c795f9e0-80fe-4d09-abd1-482f75d97547",
    "data": [
      {
        "text": "What is an average rating of this fan?",
        "userDefined": false
      }
    ],
    "isTemplate": false,
    "count": 0,
    "updated": 0
  },
  {
    "id": "69d6b4d6-9d76-40fb-a881-034fb16bb764",
    "data": [
      {
        "text": "What is an average rating of this chair?",
        "userDefined": false
      }
    ],
    "isTemplate": false,
    "count": 0,
    "updated": 0
  },
  {
    "id": "c99c44b6-b51f-44d1-b7e6-87fe3ab9997a",
    "data": [
      {
        "text": "What other users have to say about this?",
        "userDefined": false
      }
    ],
    "isTemplate": false,
    "count": 0,
    "updated": 0
  },
  {
    "id": "280df35f-8e0d-4569-88c2-b973d15ff375",
    "data": [
      {
        "text": "May I know the rating of this product?",
        "userDefined": false
      }
    ],
    "isTemplate": false,
    "count": 0,
    "updated": 0
  },
  {
    "id": "499da9ac-3414-496c-8728-168a4f052e07",
    "data": [
      {
        "text": "what is the rating?",
        "userDefined": false
      }
    ],
    "isTemplate": false,
    "count": 0,
    "updated": 0
  },
  {
    "id": "d31e6c38-7192-441c-8c7e-ffcc060386be",
    "data": [
      {
        "text": "Please show me rating of this product",
        "userDefined": false
      }
    ],
    "isTemplate": false,
    "count": 0,
    "updated": 0
  }
]