[
  {
    "id": "d2cc3bf0-7c03-4ff4-a278-ce019d9f256b",
    "data": [
      {
        "text": "Cart",
        "userDefined": false
      }
    ],
    "isTemplate": false,
    "count": 0,
    "updated": 0
  },
  {
    "id": "14c266fc-c6d2-44c3-aa3d-b6912edaa490",
    "data": [
      {
        "text": "Show my Cart",
        "userDefined": false
      }
    ],
    "isTemplate": false,
    "count": 0,
    "updated": 0
  },
  {
    "id": "21cc8374-9340-4822-a26d-5a58aa4b5967",
    "data": [
      {
        "text": "Items in Cart",
        "userDefined": false
      }
    ],
    "isTemplate": false,
    "count": 0,
    "updated": 0
  }
]