[
  {
    "id": "e85083b5-1f62-4596-ae71-6816bd64504e",
    "data": [
      {
        "text": "Help me with Checkout please.",
        "userDefined": false
      }
    ],
    "isTemplate": false,
    "count": 0,
    "updated": 0
  },
  {
    "id": "97bc34a6-45d3-440a-b577-984f69ec40ec",
    "data": [
      {
        "text": "Complete my payment",
        "userDefined": false
      }
    ],
    "isTemplate": false,
    "count": 0,
    "updated": 0
  },
  {
    "id": "935b0a3d-92cd-4869-8718-691196d56099",
    "data": [
      {
        "text": "Order the items",
        "userDefined": false
      }
    ],
    "isTemplate": false,
    "count": 0,
    "updated": 0
  },
  {
    "id": "f93ce120-57ec-45e5-bd53-e57a1e46ec2b",
    "data": [
      {
        "text": "Checkout",
        "userDefined": false
      }
    ],
    "isTemplate": false,
    "count": 0,
    "updated": 0
  }
]