[
  {
    "id": "0f45e520-160d-4a70-9cf6-7f3365ea326e",
    "data": [
      {
        "text": "Thanks for the assist. I would like to exit now.",
        "userDefined": false
      }
    ],
    "isTemplate": false,
    "count": 0,
    "updated": 0
  },
  {
    "id": "3acf901c-051b-4f25-8a06-79700daea448",
    "data": [
      {
        "text": "cancel",
        "userDefined": false
      }
    ],
    "isTemplate": false,
    "count": 0,
    "updated": 0
  },
  {
    "id": "d975a138-e1d3-46d4-aa2c-0ac673a91f6a",
    "data": [
      {
        "text": "Exit",
        "userDefined": false
      }
    ],
    "isTemplate": false,
    "count": 0,
    "updated": 0
  }
]