[
  {
    "id": "24c6903e-ba8d-431d-9b6a-f146a1d7c113",
    "data": [
      {
        "text": "Mobiles",
        "userDefined": false
      }
    ],
    "isTemplate": false,
    "count": 0,
    "updated": 0
  },
  {
    "id": "3666c4d3-50f8-4f25-b166-9a9ec788ac54",
    "data": [
      {
        "text": "Smartphone",
        "userDefined": false
      }
    ],
    "isTemplate": false,
    "count": 0,
    "updated": 0
  },
  {
    "id": "ae05e846-efd1-4a8b-82f8-3fd53430975e",
    "data": [
      {
        "text": "Smartphones",
        "userDefined": false
      }
    ],
    "isTemplate": false,
    "count": 0,
    "updated": 0
  },
  {
    "id": "0b52dabe-be99-47ec-897c-319c80d1de0c",
    "data": [
      {
        "text": "I am looking forward to buy a new smartphone. Can you help me in buying one.",
        "userDefined": false
      }
    ],
    "isTemplate": false,
    "count": 0,
    "updated": 0
  },
  {
    "id": "fbf030e2-01e9-4d7c-9808-f9b4884a13f2",
    "data": [
      {
        "text": "Phones",
        "userDefined": false
      }
    ],
    "isTemplate": false,
    "count": 1,
    "updated": 0
  },
  {
    "id": "92ee75f4-7f30-467e-ae1c-aefa291070d3",
    "data": [
      {
        "text": "Get Mobile Phones",
        "userDefined": false
      }
    ],
    "isTemplate": false,
    "count": 0,
    "updated": 0
  },
  {
    "id": "d9394478-25a1-4ced-a198-fc4792033b92",
    "data": [
      {
        "text": "Get Mobiles",
        "userDefined": false
      }
    ],
    "isTemplate": false,
    "count": 0,
    "updated": 0
  },
  {
    "id": "85b67716-712c-4047-81e4-9475ed27d8d8",
    "data": [
      {
        "text": "Get Phones",
        "userDefined": false
      }
    ],
    "isTemplate": false,
    "count": 0,
    "updated": 0
  }
]