[
  {
    "id": "14770c75-c5a7-471c-8ea1-aab57c45db0b",
    "data": [
      {
        "text": "I need to buy a tablet. Show me some.",
        "userDefined": false
      }
    ],
    "isTemplate": false,
    "count": 0,
    "updated": 0
  },
  {
    "id": "2d867533-ef26-4353-b4c6-74517f2bfce8",
    "data": [
      {
        "text": "Get Tablets",
        "userDefined": false
      }
    ],
    "isTemplate": false,
    "count": 0,
    "updated": 0
  },
  {
    "id": "ad84765f-99af-4c94-82e3-82149bfe1f4e",
    "data": [
      {
        "text": "Tablets",
        "userDefined": false
      }
    ],
    "isTemplate": false,
    "count": 0,
    "updated": 0
  }
]