[
  {
    "id": "56d374e6-43c2-4b93-91a1-26dc1316e9cb",
    "data": [
      {
        "text": "Complete my payment",
        "userDefined": false
      }
    ],
    "isTemplate": false,
    "count": 0,
    "updated": 0
  },
  {
    "id": "63912b15-096a-4a1b-b495-d7249506f174",
    "data": [
      {
        "text": "Order the items",
        "userDefined": false
      }
    ],
    "isTemplate": false,
    "count": 0,
    "updated": 0
  },
  {
    "id": "1347a9b8-f073-4ce3-bd3b-e6b3a040eba5",
    "data": [
      {
        "text": "Checkout",
        "userDefined": false
      }
    ],
    "isTemplate": false,
    "count": 0,
    "updated": 0
  }
]